Feature,Random Forest Importance,Gradient Boosting Importance,Average Importance
Electrical_Conductivity,0.15446933245228747,0.22227602295118434,0.1883726777017359
Organic_Matter,0.17672365307895035,0.17442741000296752,0.17557553154095895
Moisture,0.18346492390564473,0.13851955387719136,0.16099223889141806
Humidity,0.1028590814067672,0.12087500455425104,0.11186704298050912
pH,0.14849880651993094,0.05432117678069094,0.10140999165031095
Phosphorus,0.03728591475018615,0.15362540663067656,0.09545566069043135
Potassium,0.07944102506806944,0.08490346709187076,0.08217224607997009
Nitrogen,0.11228822299510796,0.04989940651942512,0.08109381475726654
Temperature,0.004969039823055828,0.001152551591742343,0.0030607957073990853
